species_name,class,order,family,genus,species,subspecies,troph,protein (g/100g),fat (g/100g),iron (mg/100g),zinc (mg/100g),vita (RE/100g),vitb12 (mcg/100g),vitd (mcg/100g),kcal,chol (mg/100g)
Acanthistius_brasilianus,Actinopterygii,Perciformes,Serranidae,Acanthistius,brasilianus,,4,17.9,1,NA,NA,NA,NA,NA,83,NA
Acanthogobius_flavimanus,Actinopterygii,Gobioidei,Gobiidae,Acanthogobius,flavimanus,,3.39,18.9,0.65,2.1,0.6,7,2.7,3,86.5,92
Acanthogobius_hasta,Actinopterygii,Gobioidei,Gobiidae,Acanthogobius,hasta,,3,16.4,0.7,0.9,NA,NA,NA,NA,77,NA
Acanthopagrus_schlegelii,Actinopterygii,Perciformes,Sparidae,Acanthopagrus,schlegelii,,3.24,19.6,4.5,0.75,0.8,12,3.7,4,125.5,78
Acheilognathus_rhombeus,Actinopterygii,Cypriniformes,Cyprinidae,Acheilognathus,rhombeus,,2.1,17.5,1.2,1.2,NA,NA,NA,NA,86,NA
Ailia_coila,Actinopterygii,Siluriformes,Schilbeidae,Ailia,coila,,3.4,15.3,6.2,0.9,NA,NA,NA,NA,117,NA
Alcichthys_elongatus,Actinopterygii,Scorpaeniformes,Cottidae,Alcichthys,elongatus,,3.6,17.1,0.1,0.8,NA,NA,NA,NA,74,NA
Allothunnus_fallai,Actinopterygii,Perciformes,Scombridae,Allothunnus,fallai,,3.7,19.8,23.9,1.3,1.1,227,0.7,NA,293,66
Amblypharyngodon_mola,Actinopterygii,Cypriniformes,Cyprinidae,Amblypharyngodon,mola,,3.3,17.1,4.4,3.8,3.19,2680,NA,NA,108,NA
Ammodytes_personatus,Actinopterygii,Perciformes,Ammodytidae,Ammodytes,personatus,,3.09,16.6,5.15,7.9,3.9,200,11,21,119.5,200
Anabas_testudineus,Actinopterygii,Perciformes,Anabantidae,Anabas,testudineus,,3,NA,NA,NA,NA,NA,NA,NA,NA,NA
Anchoa_compressa,Actinopterygii,Clupeiformes,Engraulidae,Anchoa,compressa,,3.4,16.9,10.1,1.4,NA,NA,NA,NA,167,NA
Anguilla_japonica,Actinopterygii,Anguilliformes,Anguillidae,Anguilla,japonica,,3.55,15.75,18.2,1.05,1.4,2400,3.5,18,239,230
Anoplopoma_fimbria,Actinopterygii,Scorpaeniformes,Anoplopomatidae,Anoplopoma,fimbria,,3.84,13.35,13.25,1.25,0.3,1500,2.8,3.5,181,50
Arctoscopus_japonicus,Actinopterygii,Perciformes,Trichodontidae,Arctoscopus,japonicus,,3.51,14.1,5.7,0.5,0.6,20,1.7,2,113,100
Argyrops_bleekeri,Actinopterygii,Perciformes,Sparidae,Argyrops,bleekeri,,3.8,17.8,2.7,9.1,NA,NA,NA,NA,101,NA
Auxis_rochei,Actinopterygii,Perciformes,Scombridae,Auxis,rochei,,4.3,24.1,5.9,1.7,NA,NA,NA,NA,159,NA
Auxis_thazard,Actinopterygii,Perciformes,Scombridae,Auxis,thazard,,4.4,23.4,7.3,1.9,NA,NA,NA,NA,168,NA
Bagrus_bajad,Actinopterygii,Siluriformes,Bagridae,Bagrus,bajad,,4,27.5,1.1,1.1,0.73,9,2.8,0.8,120,NA
Banjos_banjos,Actinopterygii,Perciformes,Banjosidae,Banjos,banjos,,4,20.8,0.9,1.4,NA,NA,NA,NA,97,NA
Barbonymus_gonionotus,Actinopterygii,Cypriniformes,Cyprinidae,Barbonymus,gonionotus,,2.4,6.25,NA,NA,NA,NA,2,NA,NA,NA
Bero_elegans,Actinopterygii,Scorpaeniformes,Cottidae,Bero,elegans,,3.4,19.5,0.4,0.9,NA,NA,NA,NA,86,NA
Beryx_decadactylus,Actinopterygii,Beryciformes,Berycidae,Beryx,decadactylus,,4.1,18.5,4.5,2,NA,NA,NA,NA,122,NA
Beryx_splendens,Actinopterygii,Beryciformes,Berycidae,Beryx,splendens,,4.27,17.8,9,0.3,0.3,63,1.1,2,160,60
Bodianus_bilunulatus,Actinopterygii,Perciformes,Labridae,Bodianus,bilunulatus,,3.4,20.3,1.9,1.5,NA,NA,NA,NA,104,NA
Boreogadus_saida,Actinopterygii,Gadiformes,Gadidae,Boreogadus,saida,,3.1,NA,NA,0.25,0.37,24,NA,NA,NA,NA
Brama_japonica,Actinopterygii,Perciformes,Bramidae,Brama,japonica,,4.4,18.9,2.6,0.4,NA,NA,NA,NA,104,NA
Branchiostegus_japonicus,Actinopterygii,Perciformes,Branchiostegidae,Branchiostegus,japonicus,,3.4,18.45,1.9,0.45,0.3,27,2.1,1,97.5,52
Caesio_xanthonota,Actinopterygii,Perciformes,Caesionidae,Caesio,xanthonota,,3.4,21.1,0.8,0.4,0.4,19,0.41,NA,93,5
Callanthias_japonicus,Actinopterygii,Perciformes,Callanthiidae,Callanthias,japonicus,,3.4,17.3,2.1,0.7,NA,NA,NA,NA,94,NA
Callionymus_japonicus,Actinopterygii,Perciformes,Callionymidae,Callionymus,japonicus,,3.4,16.5,0.6,1.3,NA,NA,NA,NA,78,NA
Caranx_sexfasciatus,Actinopterygii,Perciformes,Carangidae,Caranx,sexfasciatus,,4.5,24,1.1,1.7,NA,NA,NA,NA,112,NA
Carassius_auratus,Actinopterygii,Cypriniformes,Cyprinidae,Carassius,auratus,,2.78,18.15,2.15,1.95,1.9,12,5.5,4,97.5,64
Catla_catla,Actinopterygii,Cypriniformes,Cyprinidae,Catla,catla,,2.8,19.9,2.6,0.6,0.48,3,NA,0,103,NA
Cephalopholis_miniata,Actinopterygii,Perciformes,Serranidae,Cephalopholis,miniata,,4.3,18.4,0.5,0.4,0.4,0,1,NA,81,37
Channa_punctata,Actinopterygii,Perciformes,Channidae,Channa,punctatus,,3.8,17.3,2.4,1.5,1.08,191,NA,NA,91,NA
Channa_striata,Actinopterygii,Perciformes,Channidae,Channa,striata,,3.4,17.7,3.3,1,0.31,NA,NA,NA,101,NA
Nemadactylus_bergi,Actinopterygii,Perciformes,Cheilodactylidae,Cheilodactylus,bergi,,3.2,18.4,2.3,NA,NA,NA,NA,NA,95,NA
Cheilopogon_agoo,Actinopterygii,Beloniformes,Exocoetidae,Cypselurus,agoo,agoo,3.4,22.2,0.5,0.9,NA,NA,NA,NA,99,NA
Chelidonichthys_spinosus,Actinopterygii,Scorpaeniformes,Triglidae,Chelidonichthys,spinosus,,3.79,19.75,2.6,0.5,0.5,9,2.2,3,108,55
Chelidoperca_hirundinacea,Actinopterygii,Perciformes,Serranidae,Chelidoperca,hirundinacea,,4,20.1,0.6,1.5,NA,NA,NA,NA,90,NA
Chelon_parsia,Actinopterygii,Mugiliformes,Mugilidae,Chelon,parsia,,2,18.7,5,2.1,1.43,NA,NA,NA,120,NA
Chirolophis_japonicus,Actinopterygii,Perciformes,Stichaeidae,Chirolophis,japonicus,,3.6,17.2,0.1,0.6,NA,NA,NA,NA,74,NA
Chitala_chitala,Actinopterygii,Osteoglossiformes,Notopteridae,Chitala,chitala,,3.7,17.8,2.8,1.6,0.61,30,NA,NA,96,NA
Choerodon_azurio,Actinopterygii,Perciformes,Labridae,Choerodon,azurio,,3.5,20.3,0.5,0.7,NA,NA,NA,NA,90,NA
Chromis_notata,Actinopterygii,Perciformes,Pomacentridae,Chromis,notata,,3.4,19.5,0.4,0.7,NA,NA,NA,NA,88,NA
Cirrhinus_cirrhosus,Actinopterygii,Cypriniformes,Cyprinidae,Cirrhinus,cirrhosus,,2.4,18.6,3,1.8,0.29,11,NA,NA,102,NA
Clarias_anguillaris,Actinopterygii,Siluriformes,Clariidae,Clarias,anguillaris,,3.4,25.8,1.8,1.4,0.8,16,2.6,1.3,120,NA
Clarias_batrachus,Actinopterygii,Siluriformes,Clariidae,Clarias,batrachus,,3.4,10.925,4.6,0.8,0.53,15,NA,NA,103,NA
Cleisthenes_pinetorum,Actinopterygii,Pleuronectiformes,Pleuronectidae,Cleisthenes,pinetorum,,3.4,18.1,0.6,4,NA,NA,NA,NA,82,NA
Clidoderma_asperrimum,Actinopterygii,Pleuronectiformes,Pleuronectidae,Clidoderma,asperrimum,,3.8,17.4,0.2,0.6,NA,NA,NA,NA,76,NA
Clupea_harengus,Actinopterygii,Clupeiformes,Clupeidae,Clupea,harengus,harengus,3.4,17.96,8.72,1.1,0.99,NA,NA,9.5,158,NA
Clupea_pallasii_pallasii,Actinopterygii,Clupeiformes,Clupeidae,Clupea,pallasii,,3.2,16.85,15.1,0.9,1.1,18,17.4,22,214.5,68
Cobitis_sinensis,Actinopterygii,Salmoniformes,Salmonidae,Cobitis,sinensis,,3.3,17.5,3.3,2.7,NA,NA,NA,NA,107,NA
Coilia_dussumieri,Actinopterygii,Clupeiformes,Engraulidae,Coilia,dussumieri,,3.3,13.2,2.1,4.5,1.25,NA,NA,NA,71,NA
Coilia_nasus,Actinopterygii,Clupeiformes,Engraulidae,Coilia,nasus,,3,15.9,10.8,1.1,NA,NA,NA,NA,169,NA
Trichogaster_fasciata,Actinopterygii,Perciformes,Belontiidae,Colisa,fasciata,,3.1,15.8,4.6,0.9,1.35,39,NA,NA,105,NA
Collichthys_niveatus,Actinopterygii,Perciformes,Sciaenidae,Collichthys,niveatus,,3.4,17,3.9,1.3,NA,NA,NA,NA,109,NA
Cololabis_saira,Actinopterygii,Beloniformes,Scomberesocidae,Cololabis,saira,,3.71,20.15,14.15,1.5,0.8,16,15.4,14.9,219.5,65
Conger_myriaster,Actinopterygii,Anguilliformes,Congridae,Conger,myriaster,,3.98,17.35,7.85,0.65,0.7,500,2.3,0.4,148,140
Coregonus_autumnalis,Actinopterygii,Salmoniformes,Coregonidae,Coregonus,autumnalis,,3.7,16.7,3.84,0.82,0.63,NA,NA,NA,115.84,NA
Coregonus_clupeaformis,Actinopterygii,Salmoniformes,Coregonidae,Coregonus,clupeaformis,,3.2,16.88,2.45,0.31,0.51,11.31,NA,4.4,99.8,NA
Coreoperca_kawamebari,Actinopterygii,Perciformes,Percichthyidae,Coreoperca,kawamebari,,3.8,19.5,1,1.1,NA,NA,NA,NA,92,NA
Coryphaena_hippurus,Actinopterygii,Perciformes,Coryphaenidae,Coryphaena,hippurus,,3.83,17.3,1.5,0.7,0.5,8,2.6,5,87,55
Cottus_poecilopus,Actinopterygii,Scorpaeniformes,Cottidae,Cottus,poecilopterus,,3,15,4.2,2.8,NA,NA,NA,NA,104,NA
Cottus_pollux,Actinopterygii,Scorpaeniformes,Cottidae,Cottus,pollux,,3.32,15,5,2.8,1.7,180,28.2,3,111,220
Crossocheilus_latius,Actinopterygii,Cypriniformes,Cyprinidae,Crossocheilus,latius,,2.4,15.3,3.9,2.2,1.09,NA,NA,NA,97,NA
Ctenopharyngodon_idella,Actinopterygii,Cypriniformes,Cyprinidae,Ctenopharyngodon,idellus,,2,17.1,1.7,1.7,NA,NA,NA,NA,89,NA
Cynoglossus_joyneri,Actinopterygii,Pleuronectiformes,Cynoglossidae,Cynoglossus,joyneri,,3.5,18.6,0.4,1,NA,NA,NA,NA,84,NA
Cynoglossus_semilaevis,Actinopterygii,Pleuronectiformes,Cynoglossidae,Cynoglossus,semilaevis,,4,19.2,1.15,0.3,NA,NA,NA,NA,93,NA
Cynoscion_striatus,Actinopterygii,Perciformes,Sciaenidae,Cynoscion,striatus,,3.9,17.8,2.8,2.2,NA,NA,NA,NA,97,NA
Cyprinus_carpio,Actinopterygii,Cypriniformes,Cyprinidae,Cyprinus,carpio,,3.38,17.96666667,5.233333333,0.933333333,0.965,3,10,10.3,124,86
Cyprinus_carpio_nudus,Actinopterygii,Cypriniformes,Cyprinidae,Cyprinus,carpio,nudus,3.38,16.8,11.2,1.2,NA,NA,NA,NA,178,NA
Dactyloptena_peterseni,Actinopterygii,Scorpaeniformes,Dactylopteridae,Daicocus,peterseni,,3.5,19.2,5.1,1.2,NA,NA,NA,NA,129,NA
Decapterus_maruadsi,Actinopterygii,Perciformes,Cheilodactylidae,Decapterus,maruadsi,,3.4,18.45,3.45,1.45,1.3,11,9.9,18.7,112.5,66
Decapterus_muroadsi,Actinopterygii,Perciformes,Carangidae,Decapterus,muroadsi,,3.4,23.6,6.9,1.6,1,4,12.8,6,166,64
Dentex_tumifrons,Actinopterygii,Lophiiformes,Lophiidae,Dentex,tumifrons,,3.76,19.4,2.4,0.35,0.4,50,3.2,4,105,67
Dexistes_rikuzenius,Actinopterygii,Pleuronectiformes,Pleuronectidae,Dexistes,rikuzenius,,3,19.4,1.1,0.6,NA,NA,NA,NA,93,NA
Diagramma_pictum,Actinopterygii,Perciformes,Haemulidae,Diagramma,pictum,,3.7,19.8,0.2,0.4,0.6,29,2.11,NA,84,47
Dictyosoma_burgeri,Actinopterygii,Perciformes,Stichaeidae,Dictyosoma,burgeri,,2.5,22,1.2,1.2,NA,NA,NA,NA,107,NA
Dissostichus_eleginoides,Actinopterygii,Perciformes,Nototheniidae,Dissostichus,eleginoides,,4,13.3,22.9,0.1,0.3,1800,0.6,17,272,59
Ditrema_temminckii_temminckii,Actinopterygii,Perciformes,Embiotocidae,Ditrema,temminckii,temminckii,3.7,18.9,0.9,1,NA,NA,NA,NA,89,NA
Doederleinia_berycoides,Actinopterygii,Perciformes,Acropomatidae,Doederleinia,berycoides,,3.9,22.3,5.3,0.3,NA,NA,NA,NA,144,NA
Eleginus_gracilis,Actinopterygii,Gadiformes,Gadidae,Eleginus,gracilis,,4.1,12.6,4.3,4,NA,NA,NA,NA,97,NA
Engraulis_anchoita_hubbs_larini,Actinopterygii,Clupeiformes,Engraulidae,Engraulis,anchoita,,2.5,19.2,5.4,NA,NA,NA,NA,NA,129,NA
Engraulis_encrasicolus,Actinopterygii,Clupeiformes,Engraulidae,Engraulis,encrasicolus,,3.1,22.8,0.9,0.9,1.9,1,2.1,3.5,99,NA
Engraulis_japonicus,Actinopterygii,Clupeiformes,Engraulidae,Engraulis,japonicus,,3.14,17.95,8.75,2.25,1,11,13.9,4,159.5,70
Engraulis_ringens,Actinopterygii,Clupeiformes,Engraulidae,Engraulis,ringens,,2.9,21,9,1.4,NA,NA,NA,NA,165,NA
Epinephelus_aeneus,Actinopterygii,Perciformes,Serranidae,Epinephelus,aeneus,,4,33.8,4.3,1.4,0.65,30,6.6,7.5,174,NA
Epinephelus_akaara,Actinopterygii,Perciformes,Serranidae,Epinephelus,akaara,,4,21,1.1,1.3,NA,NA,NA,NA,99,NA
Epinephelus_awoara,Actinopterygii,Perciformes,Serranidae,Epinephelus,awoara,,3.6,19.4,1.2,0.9,NA,NA,NA,NA,95,NA
Epinephelus_epistictus,Actinopterygii,Perciformes,Serranidae,Epinephelus,epistictus,,4,19.3,1.9,1,NA,NA,NA,NA,100,NA
Hyporthodus_septemfasciatus,Actinopterygii,Perciformes,Serranidae,Epinephelus,septemfasciatus,,4,18.8,1.3,1,NA,NA,NA,NA,93,NA
Chanodichthys_dabryi,Actinopterygii,Cypriniformes,Cyprinidae,Erythroculter,hypselonotus,,3.3,18.7,1.1,1.1,NA,NA,NA,NA,90,NA
Esox_lucius,Actinopterygii,Esociformes,Esocidae,Esox,lucius,,4.1,17.83,0.58,0.18,0.7,NA,NA,NA,84.2,NA
Ethmalosa_fimbriata,Actinopterygii,Clupeiformes,Clupeidae,Ethmalosa,fimbriata,,2.5,19.1,2.9,1.7,1.6,NA,NA,NA,103,NA
Etrumeus_sadina,Actinopterygii,Clupeiformes,Clupeidae,Etrumeus,teres,,3.56,19.9,5.5,1.9,1.3,130,14.2,9,137,60
Eumicrotremus_orbis,Actinopterygii,Scorpaeniformes,Cyclopteridae,Eumicrotremus,orbis,,3.2,7.2,3,1.2,NA,NA,NA,NA,62,NA
Euthynnus_affinis,Actinopterygii,Perciformes,Scombridae,Euthynnus,affinis,,4.5,25,2,1.3,0.27,31,NA,3.12,118,47
Eutropiichthys_vacha,Actinopterygii,Siluriformes,Schilbeidae,Eutropiichthys,vacha,,3.9,16.1,6.4,0.7,NA,NA,NA,NA,122,NA
Evistias_acutirostris,Actinopterygii,Perciformes,Pentacerotidae,Evistias,acutirostris,,3.5,18.6,2.6,1.2,NA,NA,NA,NA,103,NA
Synchiropus_altivelis,Actinopterygii,Perciformes,Callionymidae,Foetorepus,altivelis,,3.8,16.9,0.5,0.6,NA,NA,NA,NA,77,NA
Gadus_macrocephalus,Actinopterygii,Gadiformes,Gadidae,Gadus,macrocephalus,,4.16,18.55,0.25,0.3,0.5,10,1.3,1,81.5,58
Gadus_morhua,Actinopterygii,Gadiformes,Gadidae,Gadus,morhua,,4.1,17.755,0.542666666,0.25,0.395,12,0.91,2.758333333,77,43
Genypterus_blacodes,Actinopterygii,Ophidiiformes,Ophidiidae,Genypterus,blacodes,,4.2,15.8,0.9,NA,NA,NA,NA,NA,72,NA
Genypterus_capensis,Actinopterygii,Ophidiiformes,Ophidiidae,Genypterus,capensis,,4.44,18.2,0.1,0.3,0.5,5,1.3,0,78,56
Girella_punctata,Actinopterygii,Perciformes,Kyphosidae,Girella,punctata,,2.86,19.8,2.95,0.7,0.9,55,1.8,1,111.5,56
Glossanodon_semifasciatus,Actinopterygii,Salmoniformes,Argentinidae,Glossanodon,semifasciatus,,3.14,18.7,1.2,0.4,0.4,75,3.4,0,91,120
Glossogobius_giuris,Actinopterygii,Perciformes,Gobiidae,Glossogobius,giuris,,3.7,14.7,2.5,1.2,0.93,NA,NA,NA,81,NA
Glyptocephalus_stelleri,Actinopterygii,Pleuronectiformes,Pleuronectidae,Glyptocephalus,stelleri,,3.2,18.2,0.4,0.6,NA,NA,NA,NA,83,NA
Xenocephalus_elongatus,Actinopterygii,Perciformes,Uranoscopidae,Gnathagnus,elongatus,,4.3,17.4,0.2,0.4,NA,NA,NA,NA,76,NA
Gnathopogon_caerulescens,Actinopterygii,Cypriniformes,Cyprinidae,Gnathopogon,caerulescens,,3.23,17.5,4.1,1.3,3.4,250,9,5,113,210
Cheilodactylus_quadricornis,Actinopterygii,Perciformes,Cheilodactylidae,Goniistius,quadricornis,,2.7,19.2,3.1,1.3,NA,NA,NA,NA,110,NA
Cheilodactylus_zonatus,Actinopterygii,Scorpaeniformes,Scorpaenidae,Goniistius,zonatus,,3.3,19.8,2.3,1.3,NA,NA,NA,NA,106,NA
Gudusia_chapra,Actinopterygii,Clupeiformes,Clupeidae,Gudusia,chapra,,3.1,15.4,4.9,4.8,1.97,6,NA,NA,106,NA
Gymnocanthus_herzensteini,Actinopterygii,Scorpaeniformes,Cottidae,Gymnocanthus,herzensteini,,3.3,19.5,0.9,2.5,NA,NA,NA,NA,93,NA
Halieutaea_stellata,Actinopterygii,Lophiiformes,Ogcocephalidae,Halieutaea,stellata,,3.5,15.8,0.5,1,NA,NA,NA,NA,71,NA
Hapalogenys_analis,Actinopterygii,Perciformes,Haemulidae,Hapalogenys,mucronatus,,4.1,18.5,2.6,1.1,NA,NA,NA,NA,103,NA
Hapalogenys_nigripinnis,Actinopterygii,Perciformes,Haemulidae,Hapalogenys,nigripinnis,,4,19,2.3,1.3,NA,NA,NA,NA,102,NA
Helicolenus_dactylopterus_labillei,Actinopterygii,Scorpaeniformes,Scorpaenidae,Helicolenus,dactylopterus,,3.5,17.1,4.5,NA,NA,NA,NA,NA,109,NA
Helicolenus_hilgendorfii,Actinopterygii,Scorpaeniformes,Scorpaenidae,Helicolenus,hilgendorfi,,3.2,16.7,3.9,0.7,NA,NA,NA,NA,108,NA
Hemibarbus_labeo,Actinopterygii,Cypriniformes,Cyprinidae,Hemibarbus,labeo,,3.5,17.3,3,1,NA,NA,NA,NA,105,NA
Hemibarbus_longirostris,Actinopterygii,Cypriniformes,Cyprinidae,Hemibarbus,longirostris,,3.3,17.7,1.5,1.4,NA,NA,NA,NA,90,NA
Hemitripterus_villosus,Actinopterygii,Scorpaeniformes,Hemitripteridae,Hemitripterus,villosus,,4.3,18.6,1.8,0.5,NA,NA,NA,NA,97,NA
Henicorhynchus_siamensis,Actinopterygii,Cypriniformes,Cyprinidae,Henicorhynchus,siamensis,,2,6.25,NA,NA,NA,NA,1.6,NA,NA,NA
Heteropneustes_fossilis,Actinopterygii,Siluriformes,Heteropneustidae,Heteropneustes,fossilis,,3.6,17.2,3.5,2.1,0.55,16,NA,NA,101,NA
Heteropriacanthus_cruentatus,Actinopterygii,Perciformes,Priacanthidae,Heteropriacanthus,cruentatus,,3.6,18,2.2,1.1,NA,NA,NA,NA,97,NA
Hexagrammos_agrammus,Actinopterygii,Scorpaeniformes,Hexagrammidae,Hexagrammos,agrammus,,3.3,17.5,1.3,2.9,NA,NA,NA,NA,89,NA
Hexagrammos_octogrammus,Actinopterygii,Scorpaeniformes,Hexagrammidae,Hexagrammos,octogrammus,,3.5,17.5,1.2,1.8,NA,NA,NA,NA,85,NA
Hexagrammos_otakii,Actinopterygii,Scorpaeniformes,Hexagrammidae,Hexagrammos,otakii,,3.8,20.05,3.2,0.35,0.5,6,2.2,9,116,76
Hime_japonica,Actinopterygii,Aulopiformes,Aulopidae,Aulopus,japonicus,,4,20.9,1.1,1,NA,NA,NA,NA,99,NA
Hippoglossus_stenolepis,Actinopterygii,Pleuronectiformes,Pleuronectidae,Hippoglossus,stenolepis,,4.14,19.9,1.7,0.1,0.5,13,2.1,3,100,49
Histiopterus_typus,Actinopterygii,Perciformes,Pentacerotidae,Histiopterus,typus,,3.5,19.3,1.6,1.2,NA,NA,NA,NA,97,NA
Hoplias_malabaricus,Actinopterygii,Characiformes,Erythrinidae,Hoplias,malabaricus,,4.5,18.1,0.6,NA,NA,NA,NA,NA,79,NA
Hoplobrotula_armata,Actinopterygii,Ophidiiformes,Ophidiidae,Hoplobrotula,armata,,4,18.2,0.7,1,NA,NA,NA,NA,83,NA
Hime_japonica,Actinopterygii,Osmeriformes,Osmeridae,Hypomesus,japonicus,,3.23,19.5,0.6,0.3,1.3,4,5.4,1,88,89
Hypomesus_nipponensis,Actinopterygii,Osmeriformes,Osmeridae,Hypomesus,nipponensis,,3.2,14.4,1.7,0.9,2,99,7.9,2,77,210
Hypomesus_olidus,Actinopterygii,Salmoniformes,Osmeridae,Hypomesus,olidus,,3.2,18.4,0.8,0.9,NA,NA,NA,NA,85,NA
Hypophthalmichthys_molitrix,Actinopterygii,Cypriniformes,Cyprinidae,Hypophthalmichthys,molitrix,,2,18.25,3.4,1.35,0.28,NA,NA,NA,106,NA
Hypophthalmichthys_nobilis,Actinopterygii,Cypriniformes,Cyprinidae,Aristichthys,nobilis,,2.8,17.5,2.1,1.2,NA,NA,NA,NA,96,NA
Hypoptychus_dybowskii,Actinopterygii,Gasterosteiformes,Hypoptychidae,Hypoptychus,dybowskii,,3.3,21.5,3.4,1.7,NA,NA,NA,NA,123,NA
Hyporhamphus_sajori,Actinopterygii,Beloniformes,Hemiramphidae,Hyporhamphus,sajori,,3.4,18.7,1.5,1.9,1.9,0,5.5,3,94.5,100
Ilisha_elongata,Actinopterygii,Clupeiformes,Pristigasteridae,Ilisha,elongata,,3.8,20.1,4.7,0.8,NA,NA,NA,NA,129,NA
Inimicus_japonicus,Actinopterygii,Scorpaeniformes,Synanceiidae,Inimicus,japonicus,,4.2,19.05,0.3,0.5,0.7,2,0.6,1,84.5,75
Johnius_grypotus,Actinopterygii,Perciformes,Sciaenidae,Johnius,grypotus,,3.4,15.2,2.5,2.6,NA,NA,NA,NA,88,NA
Carangoides_equula,Actinopterygii,Perciformes,Carangidae,Kaiwarinus,equula,,4,19.6,3,1,NA,NA,NA,NA,111,NA
Kareius_bicoloratus,Actinopterygii,Pleuronectiformes,Pleuronectidae,Kareius,bicoloratus,,3.7,20,0.6,0.2,NA,NA,NA,NA,90,NA
Katsuwonus_pelamis,Actinopterygii,Perciformes,Scombridae,Katsuwonus,pelamis,,4.43,25.45,4,1.85,0.9,20,8.6,9,146,58
Konosirus_punctatus,Actinopterygii,Clupeiformes,Clupeidae,Konosirus,punctatus,,2.87,19.1,5.5,1.25,0.7,0,10.2,9,133.5,68
Labeo_bata,Actinopterygii,Cypriniformes,Cyprinidae,Labeo,bata,,NA,15.9,4.7,1.2,0.94,NA,NA,NA,106,NA
Labeo_calbasu,Actinopterygii,Cypriniformes,Cyprinidae,Labeo,calbasu,,2,17,3,1.1,0.36,NA,NA,NA,95,NA
Labeo_gonius,Actinopterygii,Cypriniformes,Cyprinidae,Labeo,gonius,,NA,17.6,4.3,0.3,0.06,NA,NA,NA,109,NA
Labeo_rohita,Actinopterygii,Cypriniformes,Cyprinidae,Labeo,rohita,,2.2,20.6,2.6,0.4,1.13,4,NA,NA,105,NA
Labracoglossa_argenteiventris,Actinopterygii,Perciformes,Kyphosidae,Labracoglossa,argentiventris,,3.4,18.7,9,0.6,1.3,16,2,4,164,70
Lagocephalus_lunaris,Actinopterygii,Tetraodontiformes,Tetraodontidae,Lagocephalus,lunaris,,3.7,17.3,0.7,1,NA,NA,NA,NA,80,NA
Larimichthys_crocea,Actinopterygii,Perciformes,Sciaenidae,Larimichthys,crocea,,3.7,17.2,3.4,1.2,NA,NA,NA,NA,105,NA
Larimichthys_polyactis,Actinopterygii,Perciformes,Sciaenidae,Larimichthys,polyactis,,3.6,15.8,9.5,0.5,NA,NA,NA,NA,169,NA
Lateolabrax_japonicus,Actinopterygii,Perciformes,Percichthyidae,Lateolabrax,japonicus,,3.36,18.83333333,3.766666667,0.8,0.5,180,2,10,116,67
Lates_calcarifer,Actinopterygii,Perciformes,Centropomidae,Lates,calcarifer,,3.8,18.6,2.5,1,0.16,8,NA,1.5,96,NA
Lepidopsetta_mochigarei,Actinopterygii,Pleuronectiformes,Pleuronectidae,Lepidopsetta,mochigarei,,3.2,16.8,1.4,1.2,NA,NA,NA,NA,84,NA
Lepidotrigla_alata,Actinopterygii,Scorpaeniformes,Triglidae,Lepidotrigla,alata,,3.5,16.9,0.4,1,NA,NA,NA,NA,75,NA
Lepidotrigla_microptera,Actinopterygii,Scorpaeniformes,Triglidae,Lepidotrigla,microptera,,3.6,19.7,4,0.4,NA,NA,NA,NA,121,NA
Lepomis_macrochirus,Actinopterygii,Perciformes,Centrarchidae,Lepomis,macrochirus,,3.2,17.8,0.8,1.4,NA,NA,NA,NA,83,NA
Conger_orbignianus,Actinopterygii,Anguilliformes,Congridae,Leptocephalus,orbignyanus,,3.7,17.2,4,NA,NA,NA,NA,NA,107,NA
Leptomelanosoma_indicum,Actinopterygii,Perciformes,Polynemidae,Leptomelanosoma,indicum,,3.9,20.3,2.1,0.5,1.35,NA,NA,NA,100,NA
Lethrinus_haematopterus,Actinopterygii,Perciformes,Lethrinidae,Lethrinus,haematopterus,,3.7,20.4,0.3,1,NA,NA,NA,NA,89,NA
Lethrinus_nebulosus,Actinopterygii,Perciformes,Lethrinidae,Lethrinus,nebulosus,,3.76,20.5,0.3,0.3,0.5,8,3.7,11,90,47
Limanda_aspera,Actinopterygii,Pleuronectiformes,Pleuronectidae,Pleuronectes,asper,,3.5,16.8,1.4,1.2,NA,NA,NA,NA,84,NA
Liparis_tanakae,Actinopterygii,Scorpaeniformes,Liparidae,Liparis,tanakai,,3.4,16.4,0.1,0.5,NA,NA,NA,NA,70,NA
Liparis_tessellatus,Actinopterygii,Scorpaeniformes,Liparidae,Liparis,tessellatus,,3.2,16.4,0.9,1,NA,NA,NA,NA,78,NA
Lobotes_surinamensis,Actinopterygii,Perciformes,Lobotidae,Lobotes,surinamensis,,4,21,1.2,1.1,NA,NA,NA,NA,102,NA
Lophiomus_setigerus,Actinopterygii,Lophiiformes,Lophiidae,Lophiomus,setigerus,,4,14.1,0.2,2.5,NA,NA,NA,NA,63,NA
Lophius_litulon,Actinopterygii,Perciformes,Sciaenidae,Lophius,litulon,,4.13,14.65,0.2,0.25,0.6,13,1.2,1,64.5,78
Lota_lota,Actinopterygii,Gadiformes,Lotidae,Lota,lota,,3.8,17.83,0.57,0.35,0.65,3,NA,NA,79.81,NA
Luciopimelodus_pati,Actinopterygii,Siluriformes,Pimelodidae,Luciopimelodus,pati,,4.3,18.2,1.8,1.9,NA,NA,NA,NA,90,NA
Lumpenus_sagitta,Actinopterygii,Perciformes,Stichaeidae,Lumpenus,sagitta,,3.3,19.3,5.4,0.9,NA,NA,NA,NA,135,NA
Macruronus_novaezelandiae,Actinopterygii,Gadiformes,Merlucciidae,Macruronus,novaezelandiae,,4.53,17,1.3,0.3,0.4,43,0.7,1,84,49
Makaira_mazara,Actinopterygii,Perciformes,Istiophoridae,Makaira,mazara,,4.46,22.9,0.2,0.5,0.7,2,1.5,38,99,48
Malakichthys_wakiyae,Actinopterygii,Perciformes,Acropomatidae,Malakichthys,wakiyae,,4,18.7,5.3,0.7,NA,NA,NA,NA,129,NA
Mallotus_villosus,Actinopterygii,Salmoniformes,Osmeridae,Mallotus,villosus,,3.2,NA,5.1,NA,NA,NA,NA,NA,NA,NA
Mastacembelus_armatus,Actinopterygii,Synbranchiformes,Mastacembelidae,Mastocembellus,armatus,,2.8,16.1,0.9,0.8,1.3,829,2.4,NA,73,100
Merluccius_merluccius,Actinopterygii,Gadiformes,Merlucciidae,Merluccius,merluccius,,4.4,17.1,1.3,1.9,NA,NA,NA,NA,81,NA
Microcanthus_strigatus,Actinopterygii,Perciformes,Kyphosidae,Microcanthus,strigatus,,3,19.5,1.1,0.9,NA,NA,NA,NA,94,NA
Micromesistius_australis,Actinopterygii,Gadiformes,Gadidae,Micromesistius,australis,,3.3,16.4,0.3,0.3,0.3,6,1.6,7,72,65
Micromesistius_poutassou,Actinopterygii,Gadiformes,Gadidae,Micromesistius,poutassou,,4.1,17.5,0.8,1,NA,NA,NA,NA,78,NA
Micropogonias_undulatus,Actinopterygii,Perciformes,Sciaenidae,Micropogonias,undulatus,,4,19.5,1.9,NA,NA,NA,NA,NA,97,NA
Micropterus_salmoides,Actinopterygii,Perciformes,Centrarchidae,Micropterus,salmoides,,3.8,18.2,0.4,4.5,NA,NA,NA,NA,81,NA
Miichthys_miiuy,Actinopterygii,Perciformes,Sciaenidae,Miichthys,miiuy,,3.5,18,0.8,0.3,NA,NA,NA,NA,86,NA
Misgurnus_anguillicaudatus,Actinopterygii,Cypriniformes,Cobitidae,Misgurnus,anguillicaudatus,,3.24,16.15,2,6.8,2.9,15,8.5,4,87.5,210
Monopterus_albus,Actinopterygii,Synbranchiformes,Synbranchidae,Monopterus,albus,,2.9,17.9,1.7,1.4,NA,NA,NA,NA,92,NA
Mugil_cephalus,Actinopterygii,Mugiliformes,Mugilidae,Mugil,cephalus,,2.48,20.45,3.25,0.85,0.5,8,4.7,10,117.5,65
Muraenesox_cinereus,Actinopterygii,Anguilliformes,Muraenesocidae,Muraenesox,cinereus,,4.38,20.1,7.6,1.15,0.6,59,1.9,5,157,75
Mystus_cavasius,Actinopterygii,Siluriformes,Bagridae,Mystus,cavasius,,3.4,15.4,2.7,1.3,0.88,NA,NA,NA,86,NA
Mystus_gulio,Actinopterygii,Siluriformes,Bagridae,Mystus,gulio,,4,17,2.3,0.9,0.23,NA,NA,NA,89,NA
Mystus_wolffii,Actinopterygii,Siluriformes,Bagridae,Mystus,wolffi,,3.4,6.25,NA,NA,NA,NA,NA,NA,NA,NA
Nandus_nandus,Actinopterygii,Perciformes,Nandidae,Nandus,nandus,,3.9,15.8,4,1.9,1.42,NA,NA,NA,99,NA
Nemipterus_japonicus,Actinopterygii,Perciformes,Nemipteridae,Nemipterus,japonicus,,3.8,18.4,2.1,0.8,0.3,0,2,NA,98,38
Nemipterus_virgatus,Actinopterygii,Perciformes,Nemipteridae,Nemipterus,virgatus,,4,19.8,2.5,0.7,NA,NA,NA,NA,107,NA
Neoditrema_ransonnetii,Actinopterygii,Perciformes,Embiotocidae,Neoditrema,ransonnetii,,3.4,21.8,4.2,1.8,NA,NA,NA,NA,133,NA
Niphon_spinosus,Actinopterygii,Perciformes,Serranidae,Niphon,spinosus,,4.5,19.3,1.9,1.4,NA,NA,NA,NA,100,NA
Notopterus_notopterus,Actinopterygii,Osteoglossiformes,Notopteridae,Notopterus,notopterus,,3.5,17.8,1,1,0.74,30,NA,NA,80,NA
Odontesthes_incisa,Actinopterygii,Atheriniformes,Atherinidae,Odentesthes,incisa,,3.4,16,2.2,2,NA,NA,NA,NA,86,NA
Odontesthes_bonariensis,Actinopterygii,Atheriniformes,Atherinopsidae,Odontesthes,bonariensis,,2.6,18.3,0.4,1.9,NA,NA,NA,NA,77,NA
Odontesthes_regia,Actinopterygii,Atheriniformes,Atherinopsidae,Odontesthes,regia,,4,18.6,1.2,NA,NA,NA,NA,NA,86,NA
Odontobutis_platycephala,Actinopterygii,Gobioidei,Odontobutidae,Odontobutis,platycephala,,3.2,16.9,1,1,NA,NA,NA,NA,81,NA
Ompok_pabda,Actinopterygii,Siluriformes,Siluridae,Ompok,pabda,,3.8,17.3,2.8,1.2,1.25,NA,NA,NA,95,NA
Oncorhynchus_gorbuscha,Actinopterygii,Salmoniformes,Salmonidae,Oncorhynchus,gorbuscha,,4.49,21.7,6.6,0.4,0.6,13,4.6,22,154,58
Oncorhynchus_keta,Actinopterygii,Salmoniformes,Salmonidae,Oncorhynchus,keta,,3.74,21.45,3,0.8,0.5,11,5.9,32,119.5,59
Oncorhynchus_kisutch,Actinopterygii,Salmoniformes,Salmonidae,Oncorhynchus,kisutch,,4.18,20.65,7.1,1.4,0.6,36,5.2,15,155,60
Oncorhynchus_masou,Actinopterygii,Salmoniformes,Salmonidae,Oncorhynchus,masou,masou,3.6,20.6,5.5,1.2,0.5,63,7.6,10,139,54
Oncorhynchus_mykiss,Actinopterygii,Salmoniformes,Salmonidae,Onchorhynchus,mykiss,,4.1,21.1,3.9,1.8,NA,NA,NA,NA,126,NA
Oncorhynchus_nerka,Actinopterygii,Salmoniformes,Salmonidae,Oncorhynchus,nerka,,3.54,22.5,4.5,0.4,0.5,27,9.4,33,138,51
Oncorhynchus_tshawytscha,Actinopterygii,Salmoniformes,Salmonidae,Oncorhynchus,tshawytscha,,4.4,18.8,17.8,0.25,0.35,111,2.35,16,200,52.5
Oplegnathus_fasciatus,Actinopterygii,Perciformes,Oplegnathidae,Oplegnathus,fasciatus,,3.55,18.65,4.4,0.45,0.6,39,1.3,3,121,56
Oplegnathus_punctatus,Actinopterygii,Perciformes,Oplegnathidae,Oplegnathus,punctatus,,3.6,18.9,1.4,0.7,NA,NA,NA,NA,93,NA
Oreochromis_mossambicus,Actinopterygii,Perciformes,Cichlidae,Tilapia,mossambica,,2.2,20.05,3.85,0.8,1.4,2,NA,5.5,118,50
Oreochromis_niloticus,Actinopterygii,Perciformes,Cichlidae,Oreochromis,niloticus,,2,19.8,5.3,0.5,0.4,3,2.3,11,134,59
Osmerus_mordax,Actinopterygii,Salmoniformes,Osmeridae,Osmerus,mordax,dentex,4.2,17.4,1.9,1.4,NA,NA,NA,NA,92,NA
Ostichthys_japonicus,Actinopterygii,Beryciformes,Holocentridae,Ostichthys,japonicus,,4,21.3,4.3,1.2,NA,NA,NA,NA,130,NA
Pagrus_major,Actinopterygii,Perciformes,Sparidae,Pagrus,major,,3.7,19.5,2.95,0.35,0.4,8,1.2,5,112,65
Pagrus_pagrus,Actinopterygii,Perciformes,Sparidae,Pagrus,pagrus,,3.9,20.4,2,1.8,3.3,NA,NA,NA,100,NA
Pampus_argenteus,Actinopterygii,Perciformes,Stromateidae,Pampus,argenteus,,3.3,17.13333333,7.066666667,0.4,0.385,90,1.4,5,137.6666667,70
Pampus_chinensis,Actinopterygii,Perciformes,Stromateidae,Pampus,chinensis,,3.6,15.9,4.4,0.4,0.59,NA,NA,NA,103,NA
Pangasianodon_hypophthalmus,Actinopterygii,Siluriformes,Pangasiidae,Pangasius,hypophthalmus,,3.1,6.25,NA,NA,NA,NA,4.5,NA,NA,NA
Pangasius_pangasius,Actinopterygii,Siluriformes,Pangasiidae,Pangasius,pangasius,,3.4,15.9,11,0.1,1.85,5,NA,NA,162,NA
Parabembras_curtus,Actinopterygii,Scorpaeniformes,Bembridae,Parabembras,curtus,,3.5,20.1,0.5,1.3,NA,NA,NA,NA,90,NA
Parajulis_poecilepterus,Actinopterygii,Perciformes,Labridae,Halichoeres,poecilopterus,,3.6,19.3,0.2,2.6,NA,NA,NA,NA,85,NA
Paralichthys_olivaceus,Actinopterygii,Pleuronectiformes,Paralichthyidae,Paralichthys,olivaceus,,3.72,20.75,2.45,0.375,0.4,12,1,3,111,55
Parapercis_multifasciata,Actinopterygii,Perciformes,Pinguipedidae,Parapercis,multifasciata,,3.5,18.3,0.9,0.9,NA,NA,NA,NA,86,NA
Parapercis_sexfasciata,Actinopterygii,Perciformes,Pinguipedidae,Parapercis,sexfasciata,,3.4,20.8,1.4,1.3,NA,NA,NA,NA,101,NA
Parapristipoma_trilineatum,Actinopterygii,Perciformes,Haemulidae,Parapristipoma,trilineatum,,3.4,17.1,5.5,0.8,0.6,41,5.8,15,125,71
Parascolopsis_inermis,Actinopterygii,Perciformes,Nemipteridae,Parascolopsis,inermis,,3.5,19.2,0.1,0.6,NA,NA,NA,NA,82,NA
Parastromateus_niger,Actinopterygii,Perciformes,Carangidae,Parastromateus,niger,,2.9,19.6,3.7,0.9,0.48,NA,NA,NA,112,NA
Parona_signata,Actinopterygii,Perciformes,Carangidae,Parona,signata,,3.4,20.1,14.8,NA,NA,NA,NA,NA,215,NA
Pennahia_argentata,Actinopterygii,Perciformes,Sciaenidae,Pennahia,argentata,,3.47,18.65,2.35,0.4,0.6,5,2.5,2.9,101,66
Percophis_brasiliensis,Actinopterygii,Perciformes,Percophidae,Percophis,brasilensis,,4.2,20.1,1.7,NA,NA,NA,NA,NA,96,NA
Pholis_nebulosa,Actinopterygii,Perciformes,Pholidae,Pholis,nebulosa,,3.2,20.7,1.9,1.1,NA,NA,NA,NA,105,NA
Platycephalus_indicus,Actinopterygii,Scorpaeniformes,Platycephalidae,Platycephalus,indicus,,3.6,20,0.2,0.6,NA,NA,NA,NA,87,NA
Plecoglossus_altivelis_altivelis,Actinopterygii,Salmoniformes,Plecoglossidae,Plecoglossus,altivelis,,2.78,17.5,3.45,1.1,0.8,35,10.3,1,107,83
Plectorhinchus_cinctus,Actinopterygii,Perciformes,Haemulidae,Plectorhynchus,cinctus,,3.5,19.5,1.2,0.7,NA,NA,NA,NA,94,NA
Pleurogrammus_azonus,Actinopterygii,Scorpaeniformes,Hexagrammidae,Pleurogrammus,azonus,,3.59,18.45,5.75,4.15,1.1,25,10.7,3,133.5,73
Pseudopleuronectes_herzensteini,Actinopterygii,Pleuronectiformes,Pleuronectidae,Pleuronectes,herzensteini,,3.5,19.5,0.75,0.35,0.8,5,3.1,13,90,71
Pseudopleuronectes_yokohamae,Actinopterygii,Pleuronectiformes,Pleuronectidae,Pleuronectes,yokohamae,,3.3,18.95,1.25,0.35,0.8,6,1.8,6.7,93,66
Pleuronichthys_cornutus,Actinopterygii,Pleuronectiformes,Pleuronectidae,Pleuronichthys,cornutus,,3.2,17.6,0.2,1.1,NA,NA,NA,NA,78,NA
Scomber_colias,Actinopterygii,Perciformes,Scombridae,Pneumatophorus,japonicus,,3.9,22,15.8,NA,NA,NA,NA,NA,232,NA
Pogonias_cromis,Actinopterygii,Perciformes,Sciaenidae,Pogonias,cromis,,3.9,18.8,0.8,NA,NA,NA,NA,NA,84,NA
Polydactylus_quadrifilis,Actinopterygii,Perciformes,Polynemidae,Polynemus,quadrifilis,,4,17.6,1.6,0.3,1,NA,NA,NA,85,NA
Pomatomus_saltatrix,Actinopterygii,Perciformes,Pomatomidae,Pomatomus,saltatrix,,4.5,21.5,0.4,1.4,NA,NA,NA,NA,92,NA
Priacanthus_macracanthus,Actinopterygii,Perciformes,Priacanthidae,Priacanthus,macracanthus,,4.1,18.9,1.4,1.2,NA,NA,NA,NA,93,NA
Prionotus_punctatus,Actinopterygii,Scorpaeniformes,Triglidae,Prionotus,punctatus,,3.8,18.9,2.4,NA,NA,NA,NA,NA,98,NA
Protonibea_diacanthus,Actinopterygii,Perciformes,Sciaenidae,Protonibea,diacanthus,,3.5,18.6,2.9,0.4,0.65,17,NA,0.6,100,NA
Psenopsis_anomala,Actinopterygii,Perciformes,Centrolophidae,Psenopsis,anomala,,4,16.35,7,0.55,0.8,95,2.7,2,135,57
Pseudaesopia_japonica,Actinopterygii,Pleuronectiformes,Soleidae,Pseudaesopia,japonica,,3.4,18.4,1.8,1.1,NA,NA,NA,NA,95,NA
Pseudambassis_ranga,Actinopterygii,Perciformes,Ambassidae,Parambassis,ranga,,3.3,15.5,5.9,2,2.45,106,NA,NA,115,NA
Pseudoblennius_cottoides,Actinopterygii,Scorpaeniformes,Cottidae,Pseudoblennius,cottoides,,4.3,22.4,0.7,1.7,NA,NA,NA,NA,101,NA
Pseudocaranx_dentex,Actinopterygii,Perciformes,Carangidae,Pseudocaranx,dentex,,3.92,21.9,8,0.7,1.1,10,3.2,18,168,71
Pseudogobio_esocinus,Actinopterygii,Cypriniformes,Cyprinidae,Pseudogobio,esocinus,,3.3,15.7,1.1,1.2,NA,NA,NA,NA,77,NA
Pseudolabrus_japonicus,Actinopterygii,Perciformes,Labridae,Pseudolabrus,japonicus,,3.1,18.9,1.9,1.1,NA,NA,NA,NA,98,NA
Pseudoplatystoma_corruscans,Actinopterygii,Siluriformes,Pimelodidae,Pseudoplatystoma,corruscans,,4.5,18.2,4,1.9,NA,NA,NA,NA,110,NA
Pseudorasbora_parva,Actinopterygii,Cypriniformes,Cyprinidae,Psuedorasbora,parva,,3.1,16.4,5.1,2.5,NA,NA,NA,NA,118,NA
Pterocaesio_digramma,Actinopterygii,Perciformes,Caesionidae,Pterocaesio,digramma,,3.39,20.2,1.5,0.5,0.7,7,4.4,2,100,50
Systomus_sarana,Actinopterygii,Cypriniformes,Cyprinidae,Puntius,sarana,,2.9,17.4,11.7,0.6,0.74,NA,NA,NA,175,NA
Puntius_sophore,Actinopterygii,Cypriniformes,Cyprinidae,Puntius,sophore,,2.8,17.6,2.6,2,3,NA,NA,NA,94,NA
Rastrelliger_brachysoma,Actinopterygii,Perciformes,Scombridae,Rastrelliger,brachysoma,,2.7,6.25,NA,NA,NA,NA,NA,NA,NA,NA
Callionymus_kanagurta,Actinopterygii,Perciformes,Scombridae,Rastrelliger,kanagurta,,3.2,20.51,1.8,NA,NA,NA,NA,NA,NA,NA
Repomucenus_lunatus,Actinopterygii,Perciformes,Callionymidae,Repomucenus,lunatus,,3.3,18.5,0.1,0.8,NA,NA,NA,NA,81,NA
Rexea_prometheoides,Actinopterygii,Perciformes,Gempylidae,Rexea,prometheoides,,4.2,20,5.7,0.8,NA,NA,NA,NA,138,NA
Salangichthys_microdon,Actinopterygii,Salmoniformes,Salangidae,Salangichthys,microdon,,3.68,13.45,1.55,0.55,1.2,50,3.3,1,72.5,220
Salminus_brasiliensis,Actinopterygii,Characiformes,Bryconidae,Salminus,maxillosus,,3.8,18.8,0.5,NA,NA,NA,NA,NA,80,NA
Salmo_salar,Actinopterygii,Salmoniformes,Salmonidae,Salmo,salar,,4.5,20.1,16.1,0.3,0.4,17,8.9,10,237,72
Salmophasia_bacaila,Actinopterygii,Cypriniformes,Cyprinidae,Salmophasia,bacaila,,3.2,18.1,5.2,5.4,3.1,NA,NA,NA,119,NA
Salmophasia_phulo,Actinopterygii,Cypriniformes,Cyprinidae,Salmophasia,phulo,,3.2,15.3,3.7,1.9,3.1,NA,NA,NA,95,NA
Salvelinus_alpinus,Actinopterygii,Salmoniformes,Salmonidae,Salvelinus,alpinus,,4.4,18.75,2.52,0.34,0.42,31.5,NA,25.8,105.09,NA
Salvelinus_leucomaenis,Actinopterygii,Salmoniformes,Salmonidae,Salvelinus,leucomaenis,,4.35,19,3.6,0.3,0.8,5,4.2,5,114,80
Salvelinus_namaycush,Actinopterygii,Salmoniformes,Salmonidae,Salvelinus,namaycush,,4.3,15.775,2.425,0.23,0.62,40,NA,19.7,101.62,NA
Sarda_orientalis,Actinopterygii,Perciformes,Scombridae,Sarda,orientalis,,4.2,24.6,3.1,2.1,NA,NA,NA,NA,134,NA
Sarda_sarda,Actinopterygii,Perciformes,Scombridae,Sarda,sarda,,4.5,22,14.5,NA,NA,NA,NA,NA,219,NA
Sardina_pilchardus,Actinopterygii,Clupeiformes,Clupeidae,Sardina,pilchardus,,3.1,17.33333333,7.305,NA,NA,NA,NA,21.2,NA,NA
Sardinella_zunasi,Actinopterygii,Clupeiformes,Clupeidae,Sardinella,zunasi,,3.1,16.3,16.5,1.9,NA,NA,NA,NA,225,NA
Sardinops_sagax,Actinopterygii,Clupeiformes,Clupeidae,Sardinops,sagax,,2.8,18.76666667,8.7325,2,1.6,8,15.7,32,170.4666667,64
Satyrichthys_rieffeli,Actinopterygii,Scorpaeniformes,Peristediidae,Satyrichthys,rieffeli,,3.5,19.3,1,2.1,NA,NA,NA,NA,91,NA
Saurida_undosquamis,Actinopterygii,Aulopiformes,Synodontidae,Saurida,undosquamis,,4.5,20.8,0.5,0.4,NA,NA,NA,NA,93,NA
Scomber_australasicus,Actinopterygii,Perciformes,Scombridae,Scomber,australasicus,,4.23,23,5.1,1.6,1.1,8,12.6,4.3,146,59
Scomber_japonicus,Actinopterygii,Perciformes,Scombridae,Scomber,japonicus,,3.38,19,12.4,1.6,1.1,37,12.9,5.1,198,61
Scomber_scombrus,Actinopterygii,Perciformes,Scombridae,Scomber,scombrus,,3.63,17.2,26.8,0.9,0.9,44,8.1,10,326,68
Scomberomorus_cavalla,Actinopterygii,Perciformes,Scombridae,Scomberomorus,cavalla,,4.4,20.9,3.1,0.5,0.6,17,0.55,NA,112,41
Scomberomorus_commerson,Actinopterygii,Perciformes,Scombridae,Scomberomorus,commerson,,4.5,19.8,3.6,2,0.4,30,NA,NA,112,NA
Scomberomorus_guttatus,Actinopterygii,Perciformes,Scombridae,Scomberomorus,guttatus,,4.3,20.9,2,0.8,0.78,NA,NA,NA,102,NA
Scomberomorus_koreanus,Actinopterygii,Perciformes,Scombridae,Scomberomorus,koreanus,,4.2,17.9,4.8,0.7,NA,NA,NA,NA,121,NA
Scomberomorus_niphonius,Actinopterygii,Perciformes,Scombridae,Scomberomorus,niphonius,,4.5,19.73333333,7.366666667,0.7,0.8,12,4,7,151,65
Scombrops_boops,Actinopterygii,Perciformes,Scombropidae,Scombrops,boops,,4.19,18.75,10.05,0.65,0.4,8,1.9,4,173.5,59
Scorpaena_neglecta,Actinopterygii,Scorpaeniformes,Scorpaenidae,Scorpaena,neglecta,,3.8,15.5,0.2,0.9,NA,NA,NA,NA,70,NA
Scorpaenopsis_cirrosa,Actinopterygii,Scorpaeniformes,Scorpaenidae,Scorpaenopsis,cirrhosa,,4.2,19,0.3,1.1,NA,NA,NA,NA,83,NA
Sebastes_alutus,Actinopterygii,Scorpaeniformes,Scorpaenidae,Sebastes,alutus,,3.48,16.45,2.75,0.25,0.4,20,1.6,3,96,52
Sebastes_hubbsi,Actinopterygii,Scorpaeniformes,Scorpaenidae,Sebastes,hubbsi,,3.5,18.3,1.1,0.9,NA,NA,NA,NA,88,NA
Sebastes_inermis,Actinopterygii,Scorpaeniformes,Scorpaenidae,Sebastes,inermis,,4,19.3,1,0.6,NA,NA,NA,NA,93,NA
Sebastes_iracundus,Actinopterygii,Scorpaeniformes,Scorpaenidae,Sebastes,iracundus,,3.83,16.3,8,0.2,0.4,85,3.3,3,144,55
Sebastes_matsubarai,Actinopterygii,Scorpaeniformes,Scorpaenidae,Sebastes,matsubarae,,3.83,16.8,2.3,0.3,0.4,26,0.7,1,93,56
Sebastes_oblongus,Actinopterygii,Scorpaeniformes,Scorpaenidae,Sebastes,oblongus,,3.7,21.3,1.3,0.7,NA,NA,NA,NA,102,NA
Sebastes_pachycephalus,Actinopterygii,Salmoniformes,Salmonidae,Sebastes,pachycephalus,,3.7,19.1,0.7,0.8,NA,NA,NA,NA,88,NA
Sebastes_schlegelii,Actinopterygii,Scorpaeniformes,Scorpaenidae,Sebastes,schlegeli,,3.8,21.4,3.2,0.5,NA,NA,NA,NA,121,NA
Sebastes_taczanowskii,Actinopterygii,Perciformes,Sciaenidae,Sebastes,taczanowskii,,3.6,19.7,0.1,1.7,NA,NA,NA,NA,85,NA
Sebastes_thompsoni,Actinopterygii,Scorpaeniformes,Scorpaenidae,Sebastes,thompsoni,,3.7,18.6,4.6,1.5,NA,NA,NA,NA,125,NA
Sebastes_vulpes,Actinopterygii,Scorpaeniformes,Scorpaenidae,Sebastes,vulpes,,4.3,22.4,5.8,1,NA,NA,NA,NA,149,NA
Sebastiscus_marmoratus,Actinopterygii,Scorpaeniformes,Scorpaenidae,Sebastiscus,marmoratus,,3.67,19.6,0.45,0.45,0.5,3,1.2,2,87.5,45
Sebastolobus_macrochir,Actinopterygii,Scorpaeniformes,Sebastidae,Sebastolobus,macrochir,,3.2,13.6,21.7,0.3,0.4,65,1,4,262,74
Semicossyphus_reticulatus,Actinopterygii,Perciformes,Labridae,Semicossyphus,reticulatus,,3.6,18.5,1.7,0.3,NA,NA,NA,NA,96,NA
Seriola_dumerili,Actinopterygii,Perciformes,Carangidae,Seriola,dumerili,,4.66,21,4.2,0.6,0.7,4,5.3,4,129,62
Seriola_lalandi,Actinopterygii,Perciformes,Carangidae,Seriola,lalei,,4.16,22.45,3.2,0.85,0.7,19,2.1,5,125.5,68
Seriola_quinqueradiata,Actinopterygii,Perciformes,Carangidae,Seriola,quinqueradiata,,3.96,21.2,9.2,1,0.7,50,3.8,8,179,72
Seriolella_punctata,Actinopterygii,Perciformes,Centrolophidae,Seriolella,punctata,,3.4,18.6,7.9,0.6,0.5,100,1.8,3,153,46
Setipinna_phasa,Actinopterygii,Clupeiformes,Engraulidae,Setipinna,phasa,,3.3,17.7,3.8,1.8,3.2,12,NA,NA,105,NA
Setipinna_taty,Actinopterygii,Clupeiformes,Engraulidae,Setipinna,taty,,3.2,19.3,2.7,2.3,1.6,8,NA,NA,101,NA
Siganus_fuscescens,Actinopterygii,Perciformes,Siganidae,Siganus,fuscescens,,2.3,20.3,1.2,1.2,NA,NA,NA,NA,97,NA
Sillago_japonica,Actinopterygii,Perciformes,Sillaginidae,Sillago,japonica,,3.45,18.5,0.2,0.1,0.4,1,2.2,0.7,80,88
Sillago_sihama,Actinopterygii,Perciformes,Sillaginidae,Sillago,sihama,,3.3,19.5,1.1,2.3,NA,NA,NA,NA,93,NA
Silurus_asotus,Actinopterygii,Siluriformes,Siluridae,Silurus,asotus,,4.4,15.1,5.3,0.8,NA,NA,NA,NA,114,NA
Siniperca_scherzeri,Actinopterygii,Perciformes,Percichthyidae,Siniperca,scherzeri,,3.8,17.2,4.1,2.1,NA,NA,NA,NA,111,NA
Sperata_seenghala,Actinopterygii,Siluriformes,Bagridae,Mystus,seenghala,,3.8,15.9,1.3,0.7,0.23,NA,NA,NA,75,NA
Sphyraena_japonica,Actinopterygii,Perciformes,Sphyraenidae,Sphyraena,japonica,,4.2,18.9,7.2,0.3,NA,NA,NA,NA,148,NA
Sphyraena_pinguis,Actinopterygii,Perciformes,Sphyraenidae,Sphyraena,pinguis,,4.38,19.7,4,0.6,0.5,12,2.3,11,122,58
Spratelloides_gracilis,Actinopterygii,Clupeiformes,Clupeidae,Spratelloides,gracilis,,3.06,18.8,1.4,1.1,1.9,0,8.3,10,93,75
Sprattus_fuegensis,Actinopterygii,Clupeiformes,Clupeidae,Sprattus,fuegensis,,3.4,14,8.9,NA,NA,NA,NA,NA,136,NA
Sprattus_sprattus,Actinopterygii,Clupeiformes,Clupeidae,Sprattus,sprattus,,3,22.63,13.37,NA,NA,NA,NA,NA,NA,NA
Stenodus_leucichthys,Actinopterygii,Salmoniformes,Salmonidae,Stenodus,leucichthys,,4.2,19,6.95,0.4,0.3,NA,NA,NA,144.26,NA
Stephanolepis_cirrhifer,Actinopterygii,Tetraodontiformes,Monacanthidae,Stephanolepis,cirrhifer,,2.84,18.95,0.1,0.3,0.4,2,1.3,43,81.5,47
Stichaeus_grigorjewi,Actinopterygii,Perciformes,Stichaeidae,Stichaeus,grigorjewi,,4.4,19.1,1,1.2,NA,NA,NA,NA,90,NA
Strangomera_bentincki,Actinopterygii,Clupeiformes,Clupeidae,Clupea,bentincki,,2.7,16.5,14.3,NA,NA,NA,NA,NA,197.9,NA
Strongylura_anastomella,Actinopterygii,Beloniformes,Belonidae,Strongylura,anastomella,,4.5,19.8,1.3,0.5,NA,NA,NA,NA,97,NA
Suggrundus_meerdervoortii,Actinopterygii,Scorpaeniformes,Platycephalidae,Suggrundus,meerdervoorti,,3.7,17.5,0.1,0.2,0.6,2,3,11,75,52
Tachysurus_fulvidraco,Actinopterygii,Siluriformes,Bagridae,Pseudobagrus,fulvidraco,,3.5,15.55,5.2,0.9,NA,NA,NA,NA,115,NA
Takifugu_pardalis,Actinopterygii,Tetraodontiformes,Tetraodontidae,Takifugu,pardalis,,3.3,18.9,0.1,2.5,NA,NA,NA,NA,83,NA
Takifugu_poecilonotus,Actinopterygii,Tetraodontiformes,Tetraodontidae,Takifugo,poecilonotus,,3.2,15.9,0.5,1,NA,NA,NA,NA,72,NA
Takifugu_porphyreus,Actinopterygii,Tetraodontiformes,Tetraodontidae,Takifugu,porphyreus,,3.38,20.2,0.35,0.25,1.5,7,3,6,89,55
Takifugu_rubripes,Actinopterygii,Tetraodontiformes,Tetraodontidae,Takifugu,rubripes,,3.6,19.05,0.25,0.25,0.9,3,1.9,4,84,65
Takifugu_stictonotus,Actinopterygii,Tetraodontiformes,Tetraodontidae,Takifugu,stictonotus,,3.4,19.3,0.3,3.1,NA,NA,NA,NA,85,NA
Takifugu_vermicularis,Actinopterygii,Tetraodontiformes,Tetraodontidae,Takifugu,vermicularis,,3.3,20.25,0.3,1.2,NA,NA,NA,NA,89.5,NA
Takifugu_xanthopterus,Actinopterygii,Tetraodontiformes,Tetraodontidae,Takifugu,xanthopterus,,3.4,19.3,0.2,4.4,NA,NA,NA,NA,85,NA
Tanakius_kitaharae,Actinopterygii,Perciformes,Carangidae,Tanakius,kitaharae,,3.2,18.3,1.3,1.9,NA,NA,NA,NA,90,NA
Tenualosa_ilisha,Actinopterygii,Clupeiformes,Clupeidae,Tenualosa,ilisha,,2.9,18,16.8,1.3,0.54,NA,NA,NA,223,NA
Kajikia_audax,Actinopterygii,Perciformes,Istiophoridae,Tetrapturus,audax,,4.5,23.1,1.8,0.6,0.6,8,4.3,12,115,46
Thamnaconus_modestus,Actinopterygii,Tetraodontiformes,Monacanthidae,Thamnaconus,modestus,,3.4,18.05,0.25,0.45,0.5,0,1.4,8,80,47
Theragra_chalcogramma,Actinopterygii,Gadiformes,Gadidae,Theragra,chalcogramma,,3.57,17.45,0.5,0.85,0.5,10,2.9,0.5,78,76
Thunnus_alalunga,Actinopterygii,Perciformes,Scombridae,Thunnus,alalunga,,4.3,26,0.7,0.9,0.5,4,2.8,7,117,49
Thunnus_albacares,Actinopterygii,Perciformes,Scombridae,Thunnus,albacares,,4.41,24.1,0.85,1.8,0.5,2,5.8,6,110,37
Thunnus_maccoyii,Actinopterygii,Perciformes,Scombridae,Thunnus,maccoyii,,3.93,23.3,4.1,1.6,0.5,39,0.7,NA,132,53
Thunnus_obesus,Actinopterygii,Perciformes,Scombridae,Thunnus,obesus,,4.42,22.8,1.2,1.4,0.4,3,4.5,2,108,43
Thunnus_thynnus,Actinopterygii,Perciformes,Scombridae,Thunnus,thynnus,,4.45,26.2,3.3,2.05,0.5,61,6.9,12,142,58
Thymallus_arcticus,Actinopterygii,Salmoniformes,Salmonidae,Thymallus,arcticus,,3.3,20,1.9,1,0.7,NA,NA,NA,96.97,NA
Thyrsites_atun,Actinopterygii,Perciformes,Gempylidae,Thyrsites,atun,,3.63,21.7,3,0.6,0.5,55,6.5,2,120,63
Synodus_myops,Actinopterygii,Aulopiformes,Synodontidae,Trachinocephalus,myops,,4.4,20,1.3,0.6,NA,NA,NA,NA,97,NA
Trachipterus_ishikawae,Actinopterygii,Lampriformes,Trachipteridae,Trachipterus,ishikawae,,3.9,18.1,0.1,0.3,NA,NA,NA,NA,79,NA
Trachurus_japonicus,Actinopterygii,Perciformes,Carangidae,Trachurus,japonicus,,3.4,20.2,4.65,0.75,1.1,7,7.1,8.9,129.5,68
Trachurus_picturatus,Actinopterygii,Perciformes,Carangidae,Trachurus,picturatus,,3.3,19,8,NA,NA,NA,NA,NA,149,NA
Trachurus_trachurus,Actinopterygii,Perciformes,Carangidae,Trachurus,trachurus,,3.71,19.6,9.1,1,0.9,16,8.1,8,169,78
Tribolodon_hakonensis,Actinopterygii,Cypriniformes,Cyprinidae,Tribolodon,hakonensis,,2.95,19.2,1.65,1.1,3.4,41,8.5,19,97.5,93
Trichiurus_lepturus,Actinopterygii,Perciformes,Trichiuridae,Trichiurus,lepturus,,4.42,17.5,14.2,0.6,0.5,52,0.9,14,207.5,72
Umbrina_canosai,Actinopterygii,Perciformes,Sciaenidae,Umbrina,canosai,,3.9,19.1,3.9,NA,NA,NA,NA,NA,113,NA
Upeneus_japonicus,Actinopterygii,Perciformes,Mullidae,Upeneus,japonicus,,3.6,7.1,19.5,1.4,NA,NA,NA,NA,248,NA
Uranoscopus_japonicus,Actinopterygii,Perciformes,Uranoscopidae,Uranoscopus,japonicus,,4,18.2,0.5,0.7,NA,NA,NA,NA,82,NA
Urophycis_brasiliensis,Actinopterygii,Gadiformes,Phycidae,Urophycis,brasiliensis,,3.8,17.6,1.2,2.1,NA,NA,NA,NA,83,NA
Verasper_variegatus,Actinopterygii,Pleuronectiformes,Pleuronectidae,Verasper,variegatus,,3.5,18.2,0.2,0.2,NA,NA,NA,NA,82,NA
Wallago_attu,Actinopterygii,Siluriformes,Siluridae,Wallago,attu,,3.7,15.4,2.1,0.8,0.27,1,NA,NA,80,NA
Xenentodon_cancila,Actinopterygii,Beloniformes,Belonidae,Xenentodon,cancila,,3.9,16.6,3.1,0.8,0.94,65,NA,NA,94,NA
Xiphias_gladius,Actinopterygii,Perciformes,Xiphiidae,Xiphias,gladius,,4.53,18.1,4.3,3.35,0.7,61,1.9,8.8,117,72
Zacco_platypus,Actinopterygii,Cypriniformes,Cyprinidae,Zacco,platypus,,3.05,18.85,4.3,1.25,2.5,10,11.3,10,120.5,91
Zalanthias_kelloggii,Actinopterygii,Perciformes,Serranidae,Plectranthias,kelloggi,azumanus,4,19,1.2,1,NA,NA,NA,NA,91,NA
Zebrias_zebra,Actinopterygii,Pleuronectiformes,Soleidae,Zebrias,zebra,,3.5,18.9,1.2,1.2,NA,NA,NA,NA,91,NA
Zenopsis_nebulosa,Actinopterygii,Zeiformes,Zeidae,Zenopsis,nebulosa,,4,20.3,1,0.8,NA,NA,NA,NA,95,NA
Zeus_faber,Actinopterygii,Zeiformes,Zeidae,Zeus,faber,,4.5,19.1,1.4,0.6,NA,NA,NA,NA,97,NA
Zoarces_gillii,Actinopterygii,Perciformes,Zoarcidae,Zoarces,gillii,,3.5,18.5,0.1,0.4,NA,NA,NA,NA,79,NA
